id,job_id,first_name,last_name,email,phone,location,current_title,current_employer,linkedin_url,source,status_id,is_at_least_18,is_cpa_certified,patient_uses_medicare,caregiving_interest,applied_at,updated_at,archived_at
1,3,Marisol,Patel,marisol.patel@example.com,3305550172,"Elyria, OH",Direct Support Professional,"Self-employed, private clients",,APPLY_FORM,7,true,,true,CURRENTLY_CARING_FOR_PATIENT,2026-06-21T13:10:00.000Z,2026-06-23T19:19:00.000Z,
2,5,Jolene,Nwosu,jolenenwosu28@example.net,4405550196,,Caregiver,Harbor Light Homes,https://www.linkedin.com/in/demo-jolene-nwosu-3338,EMAIL,7,,,,,2026-06-21T14:04:00.000Z,2026-06-22T15:05:00.000Z,
3,1,Yasmin,Jenkins,yasmin.jenkins@example.com,2165550131,"Lakewood, OH",Medical Assistant,Evergreen Home Health,,MANUAL,6,,,,,2026-06-21T21:04:00.000Z,2026-07-13T17:43:00.000Z,2026-07-13T17:43:00.000Z
4,1,Ebony,Nwosu,ebonynwosu16@example.net,4405550176,,Hospice Aide,Lakeshore Assisted Living,,EMAIL,7,,,,,2026-06-21T21:15:00.000Z,2026-06-22T17:53:00.000Z,
5,6,Brianna,O'Neill,boneill@example.org,,"Euclid, OH",Direct Support Professional,,,EMAIL,7,,,,,2026-06-22T20:05:00.000Z,2026-06-30T14:57:00.000Z,
6,2,Valerie,Torres,vtorres@example.org,3305550169,"Cleveland Heights, OH",Home Health Aide,"Self-employed, private clients",,APPLY_FORM,8,true,,false,GENERAL_CAREGIVER,2026-06-23T15:09:00.000Z,2026-07-09T13:30:00.000Z,2026-07-09T13:30:00.000Z
7,6,Marcus,O'Neill,moneill@example.org,2165550170,"North Olmsted, OH",STNA,Willow Creek Residences,,APPLY_FORM,6,true,true,false,CURRENTLY_CARING_FOR_PATIENT,2026-06-23T15:23:00.000Z,2026-07-10T13:07:00.000Z,
8,1,Destiny,Henderson,destiny.henderson76@example.com,4405550194,"Euclid, OH",Home Health Aide,Evergreen Home Health,https://www.linkedin.com/in/demo-destiny-henderson-9179,EMAIL,8,,,,,2026-06-26T15:21:00.000Z,2026-07-07T18:02:28.000Z,
9,2,Nadia,Mahmoud,nadiamahmoud96@example.net,4405550157,"Shaker Heights, OH",Personal Care Aide,Bright Path Home Care,https://www.linkedin.com/in/demo-nadia-mahmoud-2816,EMAIL,7,,,,,2026-06-26T20:40:00.000Z,2026-07-03T20:24:00.000Z,
10,2,Hannah,Ortiz,hannahortiz59@example.net,2345550135,"Shaker Heights, OH",Home Health Aide,Riverside Senior Living,,APPLY_FORM,7,false,true,false,GENERAL_CAREGIVER,2026-06-27T12:19:00.000Z,2026-06-29T19:32:00.000Z,
11,3,Aisha,Nguyen,aisha.nguyen@example.com,3305550105,,CNA,Riverside Senior Living,,MANUAL,7,,,,,2026-06-27T19:01:00.000Z,2026-07-09T13:08:00.000Z,2026-07-09T13:08:00.000Z
12,1,Teresa,Popescu,teresa.popescu@example.com,4405550154,"Parma, OH",STNA,,https://www.linkedin.com/in/demo-teresa-popescu-8049,APPLY_FORM,7,true,true,true,GENERAL_CAREGIVER,2026-06-28T11:53:00.000Z,2026-06-29T19:30:00.000Z,
13,2,Dmitri,Fernández,dmitri.fernandez@example.com,4405550121,"Euclid, OH",Medical Assistant,Lakeshore Assisted Living,https://www.linkedin.com/in/demo-dmitri-fernandez-5694,APPLY_FORM,7,true,,false,GENERAL_CAREGIVER,2026-06-29T17:19:00.000Z,2026-07-02T15:53:00.000Z,
14,2,Kimberly,Kowalski,kimberly.kowalski28@example.com,,"Cleveland Heights, OH",,,,MANUAL,7,,,,,2026-07-01T11:02:00.000Z,2026-07-07T19:24:00.000Z,
15,3,Tiffany,Bennett,tiffany.bennett@example.com,3305550115,"Parma, OH",Home Health Aide,Summit Care Group,,REFERRAL,8,,,,,2026-07-05T16:57:00.000Z,2026-07-13T14:05:00.000Z,2026-07-13T14:05:00.000Z
16,5,Brianna,Hassan,briannahassan17@example.net,2345550159,"North Olmsted, OH",Home Health Aide,Northcoast Private Duty,,APPLY_FORM,7,false,,false,CURRENTLY_CARING_FOR_PATIENT,2026-07-06T15:19:00.000Z,2026-07-18T15:54:00.000Z,2026-07-18T15:54:00.000Z
17,1,Angela,Novak,angela.novak@example.com,2165550130,"Westlake, OH",Personal Care Aide,Willow Creek Residences,https://www.linkedin.com/in/demo-angela-novak-2957,APPLY_FORM,7,true,true,false,GENERAL_CAREGIVER,2026-07-10T20:55:00.000Z,2026-07-20T20:14:00.000Z,2026-07-20T20:14:00.000Z
18,1,Yasmin,Petrova,yasmin.petrova@example.com,2345550103,"Cleveland Heights, OH",Nursing Student,,https://www.linkedin.com/in/demo-yasmin-petrova-7544,APPLY_FORM,7,true,false,true,CURRENTLY_CARING_FOR_PATIENT,2026-07-10T23:15:00.000Z,2026-07-13T20:59:00.000Z,
19,2,Yolanda,Lopez,yolanda.lopez@example.com,2165550120,"Garfield Heights, OH",STNA,Summit Care Group,,EMAIL,7,,,,,2026-07-11T17:14:00.000Z,2026-07-20T17:03:00.000Z,2026-07-20T17:03:00.000Z
20,2,Tanisha,Vargas,tvargas@example.org,2345550133,"Garfield Heights, OH",Caregiver,Northcoast Private Duty,https://www.linkedin.com/in/demo-tanisha-vargas-9113,EMAIL,7,,,,,2026-07-12T16:21:00.000Z,2026-07-22T16:32:00.000Z,2026-07-22T16:32:00.000Z
21,2,Latoya,Griffin,latoyagriffin86@example.net,2345550131,"Shaker Heights, OH",STNA,Willow Creek Residences,https://www.linkedin.com/in/demo-latoya-griffin-3896,EMAIL,8,,,,,2026-07-14T15:46:00.000Z,2026-07-17T20:24:00.000Z,
22,5,Nicole,Vargas,nvargas@example.org,2345550165,"Westlake, OH",,,,MANUAL,7,,,,,2026-07-14T19:04:00.000Z,2026-08-06T19:54:00.000Z,2026-08-06T19:54:00.000Z
23,6,Elena,Abara,eabara@example.org,4405550130,"Lakewood, OH",Caregiver,"Self-employed, private clients",https://www.linkedin.com/in/demo-elena-abara-7483,EMAIL,7,,,,,2026-07-14T20:02:00.000Z,2026-07-31T19:05:39.000Z,
24,2,Andre,Brooks,andrebrooks61@example.net,3305550156,"Euclid, OH",Caregiver,"Self-employed, private clients",https://www.linkedin.com/in/demo-andre-brooks-5060,MANUAL,7,,,,,2026-07-16T18:41:00.000Z,2026-07-17T14:23:00.000Z,
25,6,Dmitri,Stewart,dstewart@example.org,3305550110,"Westlake, OH",CNA,Riverside Senior Living,https://www.linkedin.com/in/demo-dmitri-stewart-3716,EMAIL,7,,,,,2026-07-17T16:57:00.000Z,2026-08-01T14:13:00.000Z,2026-08-01T14:13:00.000Z
26,2,Elena,Torres,elena.torres@example.com,2345550117,"Parma, OH",,,,APPLY_FORM,7,true,,false,GENERAL_CAREGIVER,2026-07-17T18:40:00.000Z,2026-08-09T18:10:00.000Z,2026-08-09T18:10:00.000Z
27,2,Maria,Bennett,mbennett@example.org,2165550125,"Parma, OH",,,,REFERRAL,8,,,,,2026-07-18T17:32:00.000Z,2026-07-21T18:55:48.000Z,
28,2,Amina,Reyes,amina.reyes@example.com,4405550159,"Lakewood, OH",Home Health Aide,Riverside Senior Living,,REFERRAL,7,,,,,2026-07-18T22:52:00.000Z,2026-07-30T02:22:20.000Z,
29,5,Teresa,Henderson,teresahenderson20@example.net,2165550128,"Shaker Heights, OH",Companion Caregiver,Northcoast Private Duty,https://www.linkedin.com/in/demo-teresa-henderson-1449,APPLY_FORM,7,true,false,true,GENERAL_CAREGIVER,2026-07-19T19:19:00.000Z,2026-08-13T15:26:00.000Z,2026-08-13T15:26:00.000Z
30,3,Darnell,Henderson,dhenderson@example.org,4405550100,"Garfield Heights, OH",Companion Caregiver,Lakeshore Assisted Living,https://www.linkedin.com/in/demo-darnell-henderson-7003,EMAIL,7,,,,,2026-07-20T20:43:00.000Z,2026-07-21T18:39:00.000Z,
31,1,Luz,Kowalski,luzkowalski73@example.net,2165550143,"Lakewood, OH",,,https://www.linkedin.com/in/demo-luz-kowalski-6458,APPLY_FORM,7,true,false,false,GENERAL_CAREGIVER,2026-07-22T12:46:00.000Z,2026-08-10T16:17:00.000Z,
32,1,DeShawn,Silva,deshawnsilva89@example.net,4405550116,"Mentor, OH",CNA,Northcoast Private Duty,,REFERRAL,7,,,,,2026-07-22T13:54:00.000Z,2026-07-24T17:17:00.000Z,
33,3,Shanice,Abara,sabara@example.org,4405550139,"Mentor, OH",Direct Support Professional,Harbor Light Homes,,EMAIL,7,,,,,2026-07-22T21:55:00.000Z,2026-07-24T20:23:00.000Z,
34,6,Kevin,Vargas,kvargas@example.org,2165550132,"Euclid, OH",CNA,Summit Care Group,https://www.linkedin.com/in/demo-kevin-vargas-7306,EMAIL,6,,,,,2026-07-23T17:35:00.000Z,2026-08-04T18:21:00.000Z,
35,1,Nadia,Mensah,nadiamensah98@example.net,4405550135,"Strongsville, OH",Personal Care Aide,"Self-employed, private clients",https://www.linkedin.com/in/demo-nadia-mensah-5699,APPLY_FORM,7,false,,false,GENERAL_CAREGIVER,2026-07-24T11:28:00.000Z,2026-07-27T15:13:00.000Z,
36,1,Kevin,Vargas,kvargas@example.org,2165550132,"Euclid, OH",CNA,Summit Care Group,https://www.linkedin.com/in/demo-kevin-vargas-7306,EMAIL,7,,,,,2026-07-30T18:34:00.000Z,2026-07-31T15:10:00.000Z,
37,1,Quiana,Okonkwo,quiana.okonkwo@example.com,4405550151,"Cleveland Heights, OH",Caregiver,Lakeshore Assisted Living,,APPLY_FORM,8,true,,true,GENERAL_CAREGIVER,2026-07-30T21:21:00.000Z,2026-08-24T15:16:11.000Z,
38,1,Jolene,Abara,joleneabara24@example.net,4405550158,"Garfield Heights, OH",,,,APPLY_FORM,7,true,false,false,GENERAL_CAREGIVER,2026-07-31T13:50:00.000Z,2026-08-11T18:47:00.000Z,2026-08-11T18:47:00.000Z
39,5,Shanice,Popescu,spopescu@example.org,2345550177,"North Olmsted, OH",Medical Assistant,Lakeshore Assisted Living,,EMAIL,7,,,,,2026-07-31T18:05:00.000Z,2026-08-03T15:37:00.000Z,
40,2,Maria,Tran,mtran@example.org,2165550149,"Garfield Heights, OH",CNA,Summit Care Group,,APPLY_FORM,7,true,true,false,GENERAL_CAREGIVER,2026-07-31T21:37:00.000Z,2026-08-03T15:00:00.000Z,
41,6,Valerie,Tran,vtran@example.org,3305550149,"Shaker Heights, OH",,,,EMAIL,7,,,,,2026-08-03T00:38:00.000Z,2026-08-04T20:14:00.000Z,
42,4,Ifeoma,Nwosu,inwosu@example.org,2165550183,"Westlake, OH",Medical Assistant,,,APPLY_FORM,7,false,false,false,CURRENTLY_CARING_FOR_PATIENT,2026-08-03T14:21:00.000Z,2026-08-16T18:12:00.000Z,2026-08-16T18:12:00.000Z
43,5,Maria,Abara,maria.abara@example.com,2165550113,"Cleveland Heights, OH",Direct Support Professional,Bright Path Home Care,,EMAIL,7,,,,,2026-08-05T15:41:00.000Z,2026-08-19T16:18:00.000Z,2026-08-19T16:18:00.000Z
44,4,Gloria,Nguyen,gnguyen@example.org,2165550122,"Parma, OH",Home Health Aide,Bright Path Home Care,,EMAIL,7,,,,,2026-08-05T19:32:00.000Z,2026-08-21T15:15:00.000Z,2026-08-21T15:15:00.000Z
45,1,Nadia,Lopez,nadialopez91@example.net,3305550185,"Euclid, OH",Caregiver,Willow Creek Residences,,EMAIL,8,,,,,2026-08-05T22:07:00.000Z,2026-08-14T17:06:00.000Z,2026-08-14T17:06:00.000Z
46,4,Renee,Sullivan,renee.sullivan@example.com,3305550118,"Cleveland, OH",Home Health Aide,Willow Creek Residences,,APPLY_FORM,7,true,true,false,GENERAL_CAREGIVER,2026-08-06T13:19:00.000Z,2026-08-07T14:15:00.000Z,
47,4,Precious,Hassan,precioushassan41@example.net,2345550104,"Mentor, OH",Nursing Student,Riverside Senior Living,https://www.linkedin.com/in/demo-precious-hassan-5450,EMAIL,7,,,,,2026-08-06T14:08:00.000Z,2026-08-15T13:38:00.000Z,2026-08-15T13:38:00.000Z
48,6,Ifeoma,Nwosu,inwosu@example.org,2165550183,"Westlake, OH",Medical Assistant,,,REFERRAL,6,,,,,2026-08-06T17:43:00.000Z,2026-08-24T19:30:00.000Z,2026-08-24T19:30:00.000Z
49,4,Jennifer,Mensah,jmensah@example.org,2165550110,"Strongsville, OH",Direct Support Professional,Riverside Senior Living,,APPLY_FORM,7,true,false,true,GENERAL_CAREGIVER,2026-08-06T23:10:00.000Z,2026-08-07T19:15:00.000Z,
50,1,Precious,Hernandez,precious.hernandez@example.com,4405550122,,Nursing Student,Evergreen Home Health,https://www.linkedin.com/in/demo-precious-hernandez-3089,MANUAL,7,,,,,2026-08-07T16:01:00.000Z,2026-08-10T15:59:00.000Z,
51,3,Renee,Jenkins,rjenkins@example.org,2345550185,"Cleveland, OH",Hospice Aide,"Self-employed, private clients",https://www.linkedin.com/in/demo-renee-jenkins-4139,EMAIL,7,,,,,2026-08-08T12:37:00.000Z,2026-08-10T16:58:00.000Z,
52,1,Imani,Price,imaniprice62@example.net,3305550103,"Lakewood, OH",Caregiver,Northcoast Private Duty,https://www.linkedin.com/in/demo-imani-price-8097,APPLY_FORM,7,true,false,true,GENERAL_CAREGIVER,2026-08-08T22:29:00.000Z,2026-08-20T17:15:00.000Z,2026-08-20T17:15:00.000Z
53,3,Olga,Diallo,olgadiallo98@example.net,2345550172,"Lakewood, OH",,,https://www.linkedin.com/in/demo-olga-diallo-6003,APPLY_FORM,7,true,true,false,GENERAL_CAREGIVER,2026-08-09T17:28:00.000Z,2026-08-10T21:01:00.000Z,
54,3,Carmen,Kowalski,carmenkowalski91@example.net,2345550109,,,,,EMAIL,7,,,,,2026-08-09T18:23:00.000Z,2026-08-26T14:53:00.000Z,2026-08-26T14:53:00.000Z
55,3,Marcus,Yilmaz,myilmaz@example.org,4405550110,"Shaker Heights, OH",,,,APPLY_FORM,7,true,false,true,CURRENTLY_CARING_FOR_PATIENT,2026-08-12T19:56:00.000Z,2026-08-25T13:46:00.000Z,2026-08-25T13:46:00.000Z
56,4,Angela,Moreno,amoreno@example.org,,"Garfield Heights, OH",Hospice Aide,Evergreen Home Health,,EMAIL,7,,,,,2026-08-14T11:55:00.000Z,2026-08-18T17:27:00.000Z,
57,5,Luis,Yilmaz,luisyilmaz23@example.net,2165550173,"Cleveland, OH",Caregiver,"Self-employed, private clients",https://www.linkedin.com/in/demo-luis-yilmaz-9335,MANUAL,6,,,,,2026-08-14T16:45:00.000Z,2026-09-07T17:29:00.000Z,
58,3,Jennifer,Washington,jenniferwashington26@example.net,,"Cleveland Heights, OH",Home Health Aide,Northcoast Private Duty,https://www.linkedin.com/in/demo-jennifer-washington-5759,EMAIL,7,,,,,2026-08-14T22:56:00.000Z,2026-08-19T16:44:00.000Z,
59,3,Marisol,Griffin,marisolgriffin11@example.net,2345550190,"Shaker Heights, OH",Direct Support Professional,Bright Path Home Care,https://www.linkedin.com/in/demo-marisol-griffin-2428,APPLY_FORM,6,true,,false,GENERAL_CAREGIVER,2026-08-15T11:37:00.000Z,2026-09-02T14:19:00.000Z,2026-09-02T14:19:00.000Z
60,4,Tanisha,Russell,tanisha.russell@example.com,2345550179,"Lakewood, OH",Personal Care Aide,Evergreen Home Health,https://www.linkedin.com/in/demo-tanisha-russell-8754,REFERRAL,7,,,,,2026-08-15T13:30:00.000Z,2026-08-17T20:17:00.000Z,
61,4,Beatriz,Carter,beatrizcarter11@example.net,2345550143,"Westlake, OH",Direct Support Professional,,,APPLY_FORM,7,true,true,false,GENERAL_CAREGIVER,2026-08-15T19:08:00.000Z,2026-08-17T18:45:00.000Z,
62,2,Elena,Foster,elenafoster52@example.net,3305550181,"Euclid, OH",Companion Caregiver,Harbor Light Homes,https://www.linkedin.com/in/demo-elena-foster-2136,APPLY_FORM,7,false,true,true,GENERAL_CAREGIVER,2026-08-16T20:04:00.000Z,2026-08-17T20:36:00.000Z,
63,1,Jennifer,Abara,jennifer.abara@example.com,3305550175,"Garfield Heights, OH",,,https://www.linkedin.com/in/demo-jennifer-abara-9061,EMAIL,6,,,,,2026-08-17T23:41:00.000Z,2026-09-11T18:44:00.000Z,
64,5,Grace,Rodriguez,gracerodriguez22@example.net,4405550185,"Mentor, OH",Caregiver,Riverside Senior Living,,EMAIL,7,,,,,2026-08-18T21:22:00.000Z,2026-08-19T16:57:00.000Z,
65,2,Brianna,Johnson,bjohnson@example.org,2345550105,,Personal Care Aide,Harbor Light Homes,,EMAIL,6,,,,,2026-08-18T23:17:00.000Z,2026-09-11T15:55:00.000Z,
66,1,Latoya,Kowalski,lkowalski@example.org,4405550174,"Cleveland Heights, OH",CNA,Willow Creek Residences,https://www.linkedin.com/in/demo-latoya-kowalski-9958,APPLY_FORM,8,true,false,false,GENERAL_CAREGIVER,2026-08-19T16:42:00.000Z,2026-08-28T18:59:00.000Z,2026-08-28T18:59:00.000Z
67,3,Teresa,Williams,teresa.williams@example.com,2165550163,"Garfield Heights, OH",STNA,Bright Path Home Care,,EMAIL,7,,,,,2026-08-20T14:29:00.000Z,2026-08-21T14:40:58.000Z,
68,2,Valerie,Williams,vwilliams@example.org,2165550150,"Cleveland Heights, OH",Medical Assistant,"Self-employed, private clients",,APPLY_FORM,7,false,true,false,GENERAL_CAREGIVER,2026-08-22T00:46:00.000Z,2026-08-31T20:44:00.000Z,2026-08-31T20:44:00.000Z
69,2,Imani,Bryant,imanibryant32@example.net,2345550160,"Strongsville, OH",,,https://www.linkedin.com/in/demo-imani-bryant-3217,MANUAL,7,,,,,2026-08-22T14:43:00.000Z,2026-09-02T17:05:00.000Z,2026-09-02T17:05:00.000Z
70,5,Latoya,Kowalski,lkowalski@example.org,4405550174,"Cleveland Heights, OH",CNA,Willow Creek Residences,https://www.linkedin.com/in/demo-latoya-kowalski-9958,APPLY_FORM,7,false,true,true,GENERAL_CAREGIVER,2026-08-23T13:25:00.000Z,2026-08-25T14:16:00.000Z,
71,4,Ximena,Fernández,ximena.fernandez@example.com,2345550124,"Euclid, OH",CNA,"Self-employed, private clients",,REFERRAL,7,,,,,2026-08-23T15:54:00.000Z,2026-08-28T15:28:00.000Z,
72,3,Nicole,Carter,nicolecarter25@example.net,2345550149,"Elyria, OH",STNA,Evergreen Home Health,,REFERRAL,7,,,,,2026-08-23T16:05:00.000Z,2026-09-07T14:35:00.000Z,2026-09-07T14:35:00.000Z
73,4,Olga,Coleman,ocoleman@example.org,,"Parma, OH",,,,EMAIL,7,,,,,2026-08-23T20:00:00.000Z,2026-08-24T19:24:00.000Z,
74,5,Rosa,Torres,rosa.torres@example.com,2165550197,"Garfield Heights, OH",Personal Care Aide,Summit Care Group,https://www.linkedin.com/in/demo-rosa-torres-7819,APPLY_FORM,7,true,true,false,GENERAL_CAREGIVER,2026-08-23T20:14:00.000Z,2026-08-28T15:54:00.000Z,
75,5,Gloria,Yilmaz,gyilmaz@example.org,4405550170,"Parma, OH",Medical Assistant,Bright Path Home Care,https://www.linkedin.com/in/demo-gloria-yilmaz-7462,REFERRAL,8,,,,,2026-08-24T14:50:00.000Z,2026-09-01T15:22:00.000Z,2026-09-01T15:22:00.000Z
76,1,Shanice,Rodriguez,srodriguez@example.org,2345550191,"Mentor, OH",,,,APPLY_FORM,6,true,,true,GENERAL_CAREGIVER,2026-08-24T21:24:00.000Z,2026-09-11T20:41:00.000Z,
77,5,Elena,Hassan,elena.hassan@example.com,3305550179,"Westlake, OH",Direct Support Professional,"Self-employed, private clients",https://www.linkedin.com/in/demo-elena-hassan-4768,APPLY_FORM,7,false,true,true,GENERAL_CAREGIVER,2026-08-25T18:44:00.000Z,2026-09-07T19:11:00.000Z,2026-09-07T19:11:00.000Z
78,1,Imani,Bryant,imanibryant32@example.net,2345550160,"Strongsville, OH",,,https://www.linkedin.com/in/demo-imani-bryant-3217,MANUAL,5,,,,,2026-08-26T12:09:00.000Z,2026-09-04T17:29:37.000Z,
79,4,Crystal,Rodriguez,crodriguez@example.org,,"Westlake, OH",Hospice Aide,Summit Care Group,,EMAIL,7,,,,,2026-08-27T17:05:00.000Z,2026-09-04T16:11:00.000Z,
80,3,Priya,Gray,priyagray11@example.net,3305550122,"Lakewood, OH",Medical Assistant,Summit Care Group,,APPLY_FORM,2,true,,true,GENERAL_CAREGIVER,2026-08-28T14:56:00.000Z,2026-09-07T14:01:00.000Z,
81,2,Jasmine,Mensah,jasminemensah76@example.net,2165550134,"Garfield Heights, OH",CNA,"Self-employed, private clients",,EMAIL,5,,,,,2026-08-29T11:52:00.000Z,2026-09-07T21:05:59.000Z,
82,4,Zainab,Vargas,zainab.vargas@example.com,3305550111,"Mentor, OH",Personal Care Aide,Evergreen Home Health,,APPLY_FORM,7,true,false,false,GENERAL_CAREGIVER,2026-08-29T13:59:00.000Z,2026-09-07T13:36:00.000Z,
83,4,Gloria,Carter,gloriacarter21@example.net,4405550156,"Lakewood, OH",,,https://www.linkedin.com/in/demo-gloria-carter-2941,EMAIL,5,,,,,2026-08-29T16:24:00.000Z,2026-09-14T15:06:59.000Z,
84,1,Tamika,Castillo,tamika.castillo@example.com,2165550179,"Strongsville, OH",,,https://www.linkedin.com/in/demo-tamika-castillo-6068,EMAIL,4,,,,,2026-08-30T12:48:00.000Z,2026-09-07T17:56:49.000Z,
85,2,Oksana,Bui,obui@example.org,3305550173,"Cleveland Heights, OH",Hospice Aide,Summit Care Group,,APPLY_FORM,8,true,true,false,GENERAL_CAREGIVER,2026-08-30T14:05:00.000Z,2026-09-08T13:46:00.000Z,
86,2,Lakisha,Bennett,lakishabennett85@example.net,2165550117,"Mentor, OH",Hospice Aide,,https://www.linkedin.com/in/demo-lakisha-bennett-5393,EMAIL,7,,,,,2026-08-30T16:26:00.000Z,2026-09-01T18:58:00.000Z,
87,1,Marisol,Novak,marisol.novak@example.com,2165550184,"Euclid, OH",Nursing Student,Northcoast Private Duty,https://www.linkedin.com/in/demo-marisol-novak-7183,APPLY_FORM,7,true,false,true,GENERAL_CAREGIVER,2026-08-31T18:11:00.000Z,2026-09-01T13:51:00.000Z,
88,3,Tanisha,Bryant,tanisha.bryant@example.com,2165550171,"Lakewood, OH",CNA,Riverside Senior Living,,APPLY_FORM,7,true,false,false,GENERAL_CAREGIVER,2026-09-01T11:22:00.000Z,2026-09-07T17:19:42.000Z,
89,2,Svetlana,Adeyemi,svetlanaadeyemi13@example.net,3305550143,"Parma, OH",CNA,Bright Path Home Care,,EMAIL,8,,,,,2026-09-01T20:54:00.000Z,2026-09-04T16:37:37.000Z,
90,4,Nadia,Chen,nadia.chen@example.com,4405550165,"Westlake, OH",STNA,"Self-employed, private clients",,MANUAL,7,,,,,2026-09-02T17:29:00.000Z,2026-09-03T20:20:00.000Z,
91,3,Angela,Nwosu,angela.nwosu@example.com,,,CNA,Harbor Light Homes,,MANUAL,7,,,,,2026-09-02T18:05:00.000Z,2026-09-14T18:49:00.000Z,
92,1,Grace,Henderson,grace.henderson@example.com,4405550188,"Garfield Heights, OH",,,,MANUAL,2,,,,,2026-09-02T20:20:00.000Z,2026-09-08T18:47:00.000Z,
93,1,Ebony,Wallace,ewallace@example.org,,,Direct Support Professional,Lakeshore Assisted Living,,EMAIL,8,,,,,2026-09-02T21:12:00.000Z,2026-09-04T16:52:00.000Z,
94,2,Quiana,Novak,quiananovak37@example.net,,"Cleveland Heights, OH",STNA,Harbor Light Homes,,EMAIL,2,,,,,2026-09-03T14:25:00.000Z,2026-09-07T17:11:00.000Z,
95,2,Svetlana,Jenkins,sjenkins@example.org,2345550168,"Cleveland, OH",CNA,Harbor Light Homes,https://www.linkedin.com/in/demo-svetlana-jenkins-5781,EMAIL,3,,,,,2026-09-03T15:24:00.000Z,2026-09-08T19:14:35.000Z,
96,2,Oksana,Lopez,oksanalopez10@example.net,2345550169,"Mentor, OH",CNA,Harbor Light Homes,,EMAIL,7,,,,,2026-09-03T18:32:00.000Z,2026-09-04T14:30:00.000Z,
97,1,Kimberly,Griffin,kgriffin@example.org,3305550194,"Cleveland Heights, OH",Home Health Aide,Bright Path Home Care,,REFERRAL,2,,,,,2026-09-03T20:38:00.000Z,2026-09-07T17:50:00.000Z,
98,1,Aisha,Yilmaz,ayilmaz@example.org,3305550133,"Parma, OH",Medical Assistant,Evergreen Home Health,https://www.linkedin.com/in/demo-aisha-yilmaz-5959,EMAIL,2,,,,,2026-09-03T22:00:00.000Z,2026-09-07T19:38:00.000Z,
99,1,Quiana,Yilmaz,qyilmaz@example.org,4405550150,"Euclid, OH",CNA,,,EMAIL,7,,,,,2026-09-04T00:40:00.000Z,2026-09-07T15:02:16.000Z,
100,4,Tamika,Price,tprice@example.org,4405550131,"Parma, OH",CNA,Willow Creek Residences,https://www.linkedin.com/in/demo-tamika-price-3882,REFERRAL,2,,,,,2026-09-04T14:23:00.000Z,2026-09-08T13:35:00.000Z,
101,1,Crystal,Jenkins,cjenkins@example.org,,"Garfield Heights, OH",Hospice Aide,Summit Care Group,https://www.linkedin.com/in/demo-crystal-jenkins-9316,MANUAL,2,,,,,2026-09-04T14:34:00.000Z,2026-09-07T20:20:00.000Z,
102,4,Tiffany,O'Neill,tiffanyoneill42@example.net,4405550117,"Cleveland Heights, OH",Hospice Aide,Lakeshore Assisted Living,,APPLY_FORM,8,true,false,true,GENERAL_CAREGIVER,2026-09-04T15:14:00.000Z,2026-09-07T13:58:00.000Z,
103,3,Svetlana,Bui,svetlana.bui@example.com,4405550199,"Westlake, OH",Nursing Student,Summit Care Group,https://www.linkedin.com/in/demo-svetlana-bui-3761,EMAIL,2,,,,,2026-09-04T15:27:00.000Z,2026-09-09T13:23:00.000Z,
104,3,Marisol,Novak,marisol.novak@example.com,2165550184,"Euclid, OH",Nursing Student,Northcoast Private Duty,https://www.linkedin.com/in/demo-marisol-novak-7183,APPLY_FORM,2,true,true,false,GENERAL_CAREGIVER,2026-09-04T19:46:00.000Z,2026-09-08T19:58:00.000Z,
105,3,Dmitri,Myers,dmitrimyers82@example.net,4405550149,"Mentor, OH",CNA,"Self-employed, private clients",,EMAIL,2,,,,,2026-09-04T21:03:00.000Z,2026-09-09T19:48:00.000Z,
106,2,Tanisha,Bryant,tanisha.bryant@example.com,2165550171,"Lakewood, OH",CNA,Riverside Senior Living,,EMAIL,2,,,,,2026-09-04T23:15:00.000Z,2026-09-09T17:38:00.000Z,
107,1,Crystal,Castillo,crystal.castillo@example.com,3305550161,"North Olmsted, OH",Caregiver,Summit Care Group,https://www.linkedin.com/in/demo-crystal-castillo-2557,APPLY_FORM,2,true,true,true,GENERAL_CAREGIVER,2026-09-05T11:00:00.000Z,2026-09-08T16:34:00.000Z,
108,2,Tamika,Castillo,tamika.castillo@example.com,2165550179,"Strongsville, OH",,,https://www.linkedin.com/in/demo-tamika-castillo-6068,REFERRAL,2,,,,,2026-09-05T15:13:00.000Z,2026-09-09T20:53:00.000Z,
109,4,Linda,Jenkins,linda.jenkins@example.com,2165550187,"Euclid, OH",Hospice Aide,Willow Creek Residences,https://www.linkedin.com/in/demo-linda-jenkins-1363,REFERRAL,7,,,,,2026-09-05T16:17:00.000Z,2026-09-10T16:32:00.000Z,
110,1,Nadia,Chen,nadia.chen@example.com,4405550165,"Westlake, OH",STNA,"Self-employed, private clients",,EMAIL,2,,,,,2026-09-05T20:59:00.000Z,2026-09-09T16:54:00.000Z,
111,4,Luz,Tran,luz.tran@example.com,4405550181,"Shaker Heights, OH",Medical Assistant,"Self-employed, private clients",https://www.linkedin.com/in/demo-luz-tran-4502,MANUAL,2,,,,,2026-09-05T22:00:00.000Z,2026-09-08T18:21:00.000Z,
112,1,Ximena,Jackson,ximena.jackson@example.com,2345550147,"North Olmsted, OH",Nursing Student,Riverside Senior Living,https://www.linkedin.com/in/demo-ximena-jackson-9737,APPLY_FORM,2,true,false,true,GENERAL_CAREGIVER,2026-09-06T12:05:00.000Z,2026-09-11T17:26:00.000Z,
113,4,Nicole,Jenkins,njenkins@example.org,4405550111,"Shaker Heights, OH",Nursing Student,Summit Care Group,,EMAIL,7,,,,,2026-09-06T17:43:00.000Z,2026-09-07T19:29:00.000Z,
114,3,Whitney,Delgado,wdelgado@example.org,3305550160,"Cleveland Heights, OH",CNA,Northcoast Private Duty,https://www.linkedin.com/in/demo-whitney-delgado-2001,REFERRAL,2,,,,,2026-09-06T21:06:00.000Z,2026-09-08T17:09:00.000Z,
115,1,Oksana,Lopez,oksanalopez10@example.net,2345550169,"Mentor, OH",CNA,Harbor Light Homes,,APPLY_FORM,7,false,,true,CURRENTLY_CARING_FOR_PATIENT,2026-09-06T22:03:00.000Z,2026-09-07T15:13:00.000Z,
116,4,DeShawn,Carter,dcarter@example.org,2345550173,"Euclid, OH",Caregiver,Harbor Light Homes,,APPLY_FORM,3,true,true,false,GENERAL_CAREGIVER,2026-09-06T23:17:00.000Z,2026-09-11T13:42:57.000Z,
117,3,Destiny,Adeyemi,destiny.adeyemi@example.com,2345550197,"Elyria, OH",CNA,Riverside Senior Living,https://www.linkedin.com/in/demo-destiny-adeyemi-8784,APPLY_FORM,6,true,false,true,GENERAL_CAREGIVER,2026-09-06T23:59:00.000Z,2026-09-15T15:05:00.000Z,
118,4,Ebony,Price,ebony.price@example.com,2165550127,"Euclid, OH",Caregiver,Lakeshore Assisted Living,https://www.linkedin.com/in/demo-ebony-price-2194,APPLY_FORM,2,true,,false,GENERAL_CAREGIVER,2026-09-07T12:18:00.000Z,2026-09-10T16:40:00.000Z,
119,4,Oksana,Vargas,oksanavargas52@example.net,4405550127,"Euclid, OH",Medical Assistant,Summit Care Group,,REFERRAL,5,,,,,2026-09-07T14:48:00.000Z,2026-09-11T20:44:44.000Z,
120,2,Beatriz,Kowalski,beatrizkowalski42@example.net,2165550194,"Garfield Heights, OH",Personal Care Aide,,,REFERRAL,3,,,,,2026-09-07T16:16:00.000Z,2026-09-09T14:20:54.000Z,
121,1,Hye-jin,Hughes,hyejinhughes55@example.net,3305550154,"Strongsville, OH",STNA,Bright Path Home Care,,APPLY_FORM,2,true,false,false,CURRENTLY_CARING_FOR_PATIENT,2026-09-08T00:59:00.000Z,2026-09-14T19:29:00.000Z,
122,3,Tamika,Ford,tamikaford46@example.net,2165550180,"Cleveland, OH",Home Health Aide,,https://www.linkedin.com/in/demo-tamika-ford-5096,APPLY_FORM,1,true,false,false,GENERAL_CAREGIVER,2026-09-08T05:32:07.000Z,2026-09-08T05:32:07.000Z,
123,1,Fatima,Jackson,fjackson@example.org,3305550144,,Nursing Student,Evergreen Home Health,,EMAIL,1,,,,,2026-09-08T08:32:08.000Z,2026-09-08T08:32:08.000Z,
124,2,Ximena,Silva,ximenasilva73@example.net,2165550175,"North Olmsted, OH",STNA,"Self-employed, private clients",https://www.linkedin.com/in/demo-ximena-silva-4249,REFERRAL,4,,,,,2026-09-08T12:44:00.000Z,2026-09-11T17:50:51.000Z,
125,1,Ebony,Carter,ebonycarter66@example.net,4405550108,"Strongsville, OH",Hospice Aide,"Self-employed, private clients",,APPLY_FORM,1,true,false,true,GENERAL_CAREGIVER,2026-09-08T12:44:44.000Z,2026-09-08T12:44:44.000Z,
126,1,Carmen,Mahmoud,carmen.mahmoud@example.com,3305550176,"Strongsville, OH",Companion Caregiver,Summit Care Group,,APPLY_FORM,1,true,false,false,GENERAL_CAREGIVER,2026-09-08T14:41:09.000Z,2026-09-08T14:41:09.000Z,
127,4,Yolanda,Foster,yolanda.foster@example.com,2165550109,"Westlake, OH",Medical Assistant,Riverside Senior Living,https://www.linkedin.com/in/demo-yolanda-foster-8891,APPLY_FORM,7,true,,false,CURRENTLY_CARING_FOR_PATIENT,2026-09-08T16:06:00.000Z,2026-09-09T17:36:00.000Z,
128,1,Keisha,Carter,keisha.carter@example.com,2165550129,"Garfield Heights, OH",Caregiver,Lakeshore Assisted Living,https://www.linkedin.com/in/demo-keisha-carter-7311,APPLY_FORM,2,true,true,false,GENERAL_CAREGIVER,2026-09-08T18:59:00.000Z,2026-09-11T19:22:00.000Z,
129,1,Ebony,Nguyen,ebonynguyen91@example.net,3305550191,"North Olmsted, OH",,,,REFERRAL,7,,,,,2026-09-08T20:31:00.000Z,2026-09-09T13:09:00.000Z,
130,2,Brianna,Mensah,bmensah@example.org,3305550145,,Caregiver,Harbor Light Homes,,EMAIL,1,,,,,2026-09-09T05:11:01.000Z,2026-09-09T05:11:01.000Z,
131,2,Yasmin,Foster,yasmin.foster@example.com,3305550134,"North Olmsted, OH",Nursing Student,Summit Care Group,,APPLY_FORM,4,true,false,false,CURRENTLY_CARING_FOR_PATIENT,2026-09-09T20:33:00.000Z,2026-09-15T18:02:40.000Z,
132,3,Ifeoma,Carter,ifeomacarter58@example.net,2345550140,"Westlake, OH",Nursing Student,Northcoast Private Duty,https://www.linkedin.com/in/demo-ifeoma-carter-3717,REFERRAL,7,,,,,2026-09-09T21:23:00.000Z,2026-09-10T14:29:00.000Z,
133,1,Shanice,Kim,skim@example.org,2165550116,"Shaker Heights, OH",,,https://www.linkedin.com/in/demo-shanice-kim-7632,APPLY_FORM,7,true,,false,GENERAL_CAREGIVER,2026-09-10T11:37:00.000Z,2026-09-10T20:15:00.000Z,
134,1,Marisol,Washington,marisolwashington49@example.net,2345550126,"Shaker Heights, OH",Direct Support Professional,Harbor Light Homes,,APPLY_FORM,7,true,false,false,CURRENTLY_CARING_FOR_PATIENT,2026-09-10T11:45:00.000Z,2026-09-11T18:50:00.000Z,
135,4,Keisha,Hayes,khayes@example.org,4405550173,"Westlake, OH",Hospice Aide,Willow Creek Residences,,APPLY_FORM,7,true,,true,GENERAL_CAREGIVER,2026-09-10T22:03:00.000Z,2026-09-11T17:25:00.000Z,
136,1,Khadija,Kowalski,kkowalski@example.org,2345550116,,Hospice Aide,Bright Path Home Care,,EMAIL,1,,,,,2026-09-11T06:18:35.000Z,2026-09-11T06:18:35.000Z,
137,3,Amina,Patel,amina.patel@example.com,2165550190,"Mentor, OH",CNA,Bright Path Home Care,,APPLY_FORM,1,true,true,true,GENERAL_CAREGIVER,2026-09-11T17:20:09.000Z,2026-09-11T17:20:09.000Z,
138,2,Nadia,Jenkins,nadiajenkins27@example.net,3305550198,"Cleveland Heights, OH",,,https://www.linkedin.com/in/demo-nadia-jenkins-1271,APPLY_FORM,1,true,,false,CURRENTLY_CARING_FOR_PATIENT,2026-09-11T20:39:36.000Z,2026-09-11T20:39:36.000Z,
139,4,Crystal,Nwosu,cnwosu@example.org,4405550161,"North Olmsted, OH",Nursing Student,Evergreen Home Health,,EMAIL,1,,,,,2026-09-12T06:42:01.000Z,2026-09-12T06:42:01.000Z,
140,2,Teresa,Delgado,teresadelgado17@example.net,2345550129,,Personal Care Aide,"Self-employed, private clients",,EMAIL,1,,,,,2026-09-12T14:12:30.000Z,2026-09-12T14:12:30.000Z,
141,2,Marcus,Hernandez,mhernandez@example.org,3305550196,,Home Health Aide,Willow Creek Residences,,EMAIL,2,,,,,2026-09-13T12:33:00.000Z,2026-09-14T18:59:00.000Z,
142,3,Hye-jin,Gray,hyejin.gray@example.com,3305550190,"Lakewood, OH",Caregiver,,,EMAIL,1,,,,,2026-09-14T13:35:55.000Z,2026-09-14T13:35:55.000Z,
143,1,Fatima,Jenkins,fjenkins@example.org,4405550104,"Shaker Heights, OH",STNA,Willow Creek Residences,,APPLY_FORM,1,true,true,false,CURRENTLY_CARING_FOR_PATIENT,2026-09-14T21:14:34.000Z,2026-09-14T21:14:34.000Z,
144,2,Latoya,Castillo,lcastillo@example.org,2345550186,"Elyria, OH",,,https://www.linkedin.com/in/demo-latoya-castillo-5171,EMAIL,1,,,,,2026-09-15T01:12:12.000Z,2026-09-15T01:12:12.000Z,
145,4,Yolanda,Nguyen,yolandanguyen66@example.net,4405550144,"Garfield Heights, OH",Caregiver,Evergreen Home Health,,APPLY_FORM,1,true,false,false,CURRENTLY_CARING_FOR_PATIENT,2026-09-15T20:05:16.000Z,2026-09-15T20:05:16.000Z,
146,2,Samantha,Delgado,samanthadelgado51@example.net,3305550126,"Strongsville, OH",Direct Support Professional,,,REFERRAL,1,,,,,2026-09-15T21:33:53.000Z,2026-09-15T21:33:53.000Z,
147,3,Gloria,Reyes,greyes@example.org,2345550111,,Medical Assistant,Harbor Light Homes,,EMAIL,1,,,,,2026-09-15T22:15:45.000Z,2026-09-15T22:15:45.000Z,
148,2,Brianna,Hayes,briannahayes32@example.net,2345550156,,Caregiver,Lakeshore Assisted Living,,MANUAL,1,,,,,2026-09-15T22:57:19.000Z,2026-09-15T22:57:19.000Z,
149,1,Yasmin,Novak,yasminnovak28@example.net,2345550176,"Parma, OH",Home Health Aide,Evergreen Home Health,,REFERRAL,1,,,,,2026-09-16T04:26:51.000Z,2026-09-16T04:26:51.000Z,
150,1,Patricia,Williams,patricia.williams@example.com,2345550128,"Lakewood, OH",Home Health Aide,"Self-employed, private clients",,EMAIL,1,,,,,2026-09-16T10:04:26.000Z,2026-09-16T10:04:26.000Z,
